topic,content_html
coût de l'investissement,"<h1>Le coût d'investissement : comprendre sa structure en 2026</h1>
<p style=""padding: 24px; background: lightblue;"">L'essentiel à retenir : la maîtrise du coût d'investissement exige une distinction nette entre capitaux fixes et fonds de roulement pour garantir la liquidité. Sécuriser la rentabilité passe par l'analyse de la VAN et l'intégration systématique des actifs incorporels. Un fait marquant : les frais de distribution peuvent représenter jusqu'à 48 % des coûts totaux pour certains fonds UCITS.</p>
<p>Contrairement aux idées reçues, la réussite d'un projet industriel ne dépend pas uniquement de la puissance de vos machines, mais de la maîtrise de votre coût d’investissement global. Nous vous dévoilons comment arbitrer entre vos capitaux fixes et votre fonds de roulement pour garantir une rentabilité immédiate et pérenne. Ce guide vous livre les méthodes de chiffrage précises et les leviers d'optimisation stratégiques pour transformer chaque dépense en un actif productif performant.</p>
<h2 id=""dechiffrer-la-structure-reelle-de-votre-cout-dinvestissement"">Déchiffrer la structure réelle de votre coût d'investissement</h2>

<p>Après avoir posé les bases du projet, il convient d'ouvrir le capot pour identifier ce qui compose réellement la facture initiale.</p>

<h3>Distinction entre actifs fixes et fonds de roulement</h3>

<p>Le coût d’investissement sépare l'argent immobilisé durablement du cash opérationnel. Les capitaux fixes financent les structures comme les usines ou les machines. À l'opposé, le fonds de roulement couvre les premières échéances de salaires ou d'énergie.</p>

<p>La liquidité dicte souvent la survie de votre projet. Sans un fonds de roulement robuste, vos installations les plus modernes resteront inactives. Considérez cette trésorerie comme le carburant indispensable au démarrage.</p>

<p>Les capitaux fixes s'amortissent sur plusieurs exercices comptables. Pourtant, le besoin en fonds de roulement évolue selon votre cycle d'exploitation. Anticiper ces deux poches garantit une gestion financière saine.</p>

<h3>Ventilation des dépenses tangibles et intangibles</h3>

<p>Les actifs corporels constituent la partie visible de votre engagement. Nous y retrouvons les terrains, les bâtiments et les équipements productifs. Ces éléments restent les plus simples à évaluer lors du chiffrage initial.</p>

<p>N'oubliez jamais les actifs incorporels, souvent sous-estimés mais onéreux. Les brevets, logiciels et licences d'exploitation possèdent une valeur stratégique immense. Votre savoir-faire technique s'inscrit également dans cette catégorie de dépenses invisibles.</p>

<p>Cet équilibre entre le matériel et l'immatériel valorise globalement l'entreprise. Un équipement de pointe sans sa licence logicielle s'avère inutile. Ces deux formes de dépenses sont indissociables pour garantir votre réussite.</p>

<h2 id=""3-methodes-pour-chiffrer-votre-budget-sans-erreur"">3 méthodes pour chiffrer votre budget sans erreur</h2>

<p>Une fois la structure comprise, la question devient mathématique : comment passer d'une idée à un chiffre fiable sans se tromper ?</p>

<h3>Application des facteurs de Lang et des indices de coût</h3>

<p>La méthode de Lang permet des estimations rapides. En multipliant le coût des équipements principaux par un facteur déterminé, vous obtenez un ordre de grandeur cohérent dès le départ. C'est un gain de temps précieux pour votre projet.</p>

<p>L'utilisation d'indices historiques est fondamentale pour votre précision. Les prix d'hier ne sont plus ceux de demain. Ajuster vos données selon l'inflation actuelle permet de coller aux réalités du marché. Ne négligez jamais cet ajustement monétaire.</p>

<p>Visez l'horizon 2026 dans vos calculs pour anticiper les hausses de prix. Une estimation statique s'avère souvent dangereuse pour votre rentabilité future. Projetez-vous dès maintenant pour sécuriser vos marges et éviter les déconvenues financières.</p>

<h3>Estimation des coûts indirects et provisions pour imprévus</h3>

<p>Identifiez précisément les frais d'ingénierie et les honoraires juridiques. Ces coûts indirects pèsent lourd et englobent les frais administratifs de démarrage. Chaque ligne compte pour la viabilité de votre coût d’investissement global.</p>

<p>Défendre une marge de sécurité est une nécessité absolue face aux aléas conjoncturels. Une provision pour imprévus n'est pas un luxe, mais une véritable assurance survie. Elle protège efficacement votre capital contre les événements volatils.</p>

<p>Intégrez enfin les intérêts pendant la construction dans votre budget initial. L'argent a un coût avant même que l'usine ne produise ses premiers revenus. Sans cette rigueur, le découvert guette rapidement votre structure. Soyez vigilant sur ce point.</p>

<h2 id=""optimiser-la-rentabilite-de-la-theorie-a-la-realite-du-terrain"">Optimiser la rentabilité : de la réalité du terrain</h2>

<p>Savoir combien dépenser est une chose, mais s'assurer que cet argent reviendra avec un profit en est une autre.</p>

<h3>Analyse de la VAN et du délai de récupération</h3>

<p>La Valeur Actuelle Nette mesure si votre projet enrichit réellement votre structure. Si ce chiffre est positif, l'investissement est théoriquement validé par le marché. C'est un indicateur de création de valeur.</p>

<p>Le délai de récupération indique le temps nécessaire pour rembourser la mise initiale. Plus ce délai est court, plus le risque perçu diminue. C'est un signal fort et rassurant pour vos partenaires bancaires.</p>

<p>Pourtant, ces calculs dépendent de la précision de vos données sources. Des prévisions trop optimistes faussent totalement votre VAN. Restez donc conservateur dans vos hypothèses de flux de trésorerie futurs.</p>

<h3>Arbitrage stratégique entre investissement neuf et occasion</h3>

<p>Comparer l'achat de matériel neuf face à l'occasion est un exercice de rigueur. Le neuf offre des garanties constructeur et une technologie de pointe. L'occasion réduit drastiquement votre coût d’investissement initial.</p>

<p>Mais attention aux frais de maintenance sur le long terme. Une machine d'occasion peut coûter plus cher en réparations imprévues. Calculez toujours le coût total de possession plutôt que le simple prix d'étiquette.</p>

<p>L'obsolescence technologique peut aussi transformer une économie en perte d'exploitation. Un actif ancien consomme souvent plus d'énergie ou produit moins vite. Votre choix final doit rester purement comptable, froid et stratégique.</p>
<p>Maîtriser votre budget initial exige de ventiler actifs fixes et fonds de roulement avec précision. Utilisez les méthodes de Lang ou de la VAN pour sécuriser votre rentabilité future dès aujourd'hui. Anticipez chaque dépense pour transformer votre vision industrielle en un succès financier pérenne.</p>"